Customer ID,Customer Name,Branch,Account Type,Gender,Age,Loan Type,Loan Amount,Interest Rate,EMI,Salary,Credit Score,Loan Status,Transaction Type,Transaction Amount,Transaction Date,Balance,Relationship Manager
C001,PriyaGupta,Bhusawal,Savings,Female,59,Car,1410000,10.88,36284.0,23000,519,Pending,Transfer,102000,11-09-2025,917000,Raj Patil
C002,SwatiPawar,Bhusawal,Current,Female,32,Car,970000,9.96,24217.67,43000,577,Rejected,Withdrawal,47500,12-12-2025,730000,Rohan Sharma
C003,AnjaliKulkarni,Jalgaon,Savings,Female,49,Home,975000,13.4,27137.5,82000,735,Approved,Transfer,6500,04-11-2025,295000,Raj Patil
C004,MeenaJoshi,Pune,Savings,Female,28,Education,340000,12.64,9248.0,142000,792,Approved,Withdrawal,39500,03-06-2025,790000,Raj Patil
C005,AkashJoshi,Jalgaon,Savings,Female,24,Home,1470000,10.48,37338.0,100000,593,Pending,Deposit,106500,29-05-2025,255000,Nitin Verma
C006,PriyaSharma,Nashik,Current,Female,54,Education,1590000,10.1,39882.5,96000,757,Approved,Withdrawal,93000,05-01-2025,498000,Raj Patil
C007,SachinPatil,Pune,Current,Female,59,Car,1820000,11.05,47092.5,92000,519,Pending,Transfer,21500,30-11-2025,7000,Priya Singh
C008,SwatiSharma,Pune,Current,Male,41,Home,150000,8.7,3587.5,123000,367,Pending,Deposit,129000,09-02-2025,598000,Raj Patil
C009,AmitJoshi,Nashik,Current,Male,58,Personal,1275000,10.55,32459.38,99000,796,Approved,Deposit,139000,24-02-2025,5000,Nitin Verma
C010,NehaSharma,Pune,Savings,Female,24,Home,795000,11.1,20603.75,121000,610,Rejected,Transfer,191500,13-08-2025,988000,Sneha Joshi
C011,AnjaliJoshi,Bhusawal,Current,Male,59,Personal,1060000,13.73,29794.83,128000,688,Approved,Withdrawal,35500,23-02-2025,72000,Priya Singh
C012,SnehaSharma,Nashik,Current,Male,29,Home,905000,8.85,21757.71,128000,361,Rejected,Deposit,179000,14-01-2025,578000,Priya Singh
C013,NitinJoshi,Nashik,Current,Male,27,Home,415000,12.26,11156.58,67000,711,Pending,Withdrawal,111500,18-03-2025,51000,Rohan Sharma
C014,NehaJoshi,Pune,Current,Male,50,Home,1025000,9.42,25129.58,118000,524,Rejected,Transfer,13500,05-10-2025,258000,Priya Singh
C015,MeenaPawar,Mumbai,Current,Female,25,Home,465000,10.64,11873.0,27000,588,Pending,Transfer,190500,21-05-2025,55000,Raj Patil
C016,RakeshSharma,Jalgaon,Current,Male,36,Car,1255000,9.19,30527.88,84000,727,Approved,Withdrawal,38000,15-11-2025,756000,Sneha Joshi
C017,RiyaSingh,Mumbai,Savings,Female,37,Car,1445000,13.89,40809.21,26000,352,Pending,Withdrawal,172000,26-09-2025,63000,Priya Singh
C018,DeepakPatil,Pune,Current,Female,58,Education,85000,8.91,2047.79,142000,380,Rejected,Deposit,18000,19-04-2025,114000,Priya Singh
C019,PriyaJoshi,Mumbai,Current,Female,39,Home,1850000,8.65,44168.75,50000,627,Rejected,Withdrawal,150000,06-02-2025,930000,Nitin Verma
C020,SachinDeshmukh,Bhusawal,Current,Male,51,Car,1190000,9.76,29512.0,104000,653,Pending,Deposit,9000,24-11-2025,926000,Nitin Verma
C021,RakeshPawar,Bhusawal,Savings,Male,43,Car,1040000,8.63,24812.67,64000,395,Rejected,Transfer,17500,26-03-2025,408000,Priya Singh
C022,SagarJoshi,Jalgaon,Savings,Female,44,Car,1150000,7.38,26239.17,42000,442,Rejected,Withdrawal,151000,29-04-2025,195000,Raj Patil
C023,RakeshSharma,Bhusawal,Savings,Female,49,Education,995000,8.74,23830.25,110000,421,Pending,Withdrawal,94500,29-09-2025,296000,Priya Singh
C024,KomalVerma,Nashik,Current,Male,35,Personal,1830000,12.65,49791.25,148000,603,Pending,Transfer,59000,12-10-2025,309000,Raj Patil
C025,DeepakDeshmukh,Mumbai,Savings,Female,45,Car,1500000,13.71,42137.5,24000,389,Rejected,Withdrawal,147500,22-02-2025,802000,Raj Patil
C026,AkashGupta,Nashik,Savings,Female,48,Car,1475000,9.34,36063.75,51000,888,Approved,Withdrawal,44500,01-06-2025,796000,Raj Patil
C027,SwatiSharma,Mumbai,Savings,Female,43,Car,890000,8.4,21063.33,107000,622,Pending,Deposit,137000,18-10-2025,417000,Nitin Verma
C028,SnehaPawar,Bhusawal,Current,Male,58,Education,935000,12.23,25112.54,63000,368,Rejected,Transfer,109000,20-08-2025,188000,Sneha Joshi
C029,RiyaPatil,Jalgaon,Current,Male,45,Personal,305000,13.51,8517.12,138000,824,Approved,Transfer,100500,28-05-2025,283000,Rohan Sharma
C030,NitinYadav,Jalgaon,Savings,Female,40,Personal,1925000,11.8,51012.5,96000,695,Approved,Withdrawal,159000,20-06-2025,405000,Priya Singh
C031,AkashPawar,Mumbai,Current,Female,22,Education,1025000,8.94,24719.58,88000,456,Pending,Deposit,12500,18-05-2025,667000,Rohan Sharma
C032,PriyaVerma,Bhusawal,Savings,Female,44,Home,350000,8.66,8359.17,47000,889,Approved,Withdrawal,134000,08-07-2025,283000,Raj Patil
C033,KiranGupta,Jalgaon,Savings,Female,60,Personal,1795000,10.7,45922.08,83000,660,Pending,Deposit,20000,14-04-2025,878000,Sneha Joshi
C034,RahulDeshmukh,Pune,Current,Male,36,Car,865000,7.38,19736.42,95000,710,Pending,Withdrawal,24000,19-03-2025,998000,Raj Patil
C035,NitinSharma,Jalgaon,Savings,Female,24,Education,940000,11.12,24377.33,69000,573,Pending,Deposit,121000,23-12-2025,700000,Rohan Sharma
C036,KiranDeshmukh,Jalgaon,Savings,Female,53,Home,835000,12.6,22684.17,133000,590,Pending,Transfer,59000,11-04-2025,525000,Priya Singh
C037,SnehaPawar,Pune,Savings,Male,30,Education,1230000,13.4,34235.0,42000,648,Pending,Deposit,77500,08-08-2025,442000,Rohan Sharma
C038,RahulVerma,Nashik,Savings,Female,52,Education,1220000,12.92,33468.67,43000,689,Approved,Withdrawal,14500,22-03-2025,608000,Sneha Joshi
C039,SwatiGupta,Pune,Current,Male,31,Home,1935000,12.67,52680.38,36000,848,Approved,Deposit,45500,18-11-2025,669000,Nitin Verma
C040,SnehaPawar,Pune,Current,Male,25,Home,555000,7.49,12714.12,99000,725,Pending,Deposit,34500,14-12-2025,185000,Priya Singh
C041,AmitPawar,Bhusawal,Current,Male,30,Car,655000,12.49,17734.12,62000,354,Rejected,Withdrawal,113500,06-03-2025,798000,Sneha Joshi
C042,VikasGupta,Nashik,Current,Male,36,Home,750000,9.6,18500.0,23000,547,Pending,Transfer,16000,07-09-2025,101000,Rohan Sharma
C043,RohitSingh,Nashik,Savings,Female,53,Personal,1495000,12.31,40252.88,150000,561,Rejected,Transfer,197000,14-09-2025,694000,Nitin Verma
C044,PriyaYadav,Jalgaon,Savings,Male,46,Education,1025000,11.83,27188.12,68000,473,Rejected,Transfer,75000,13-11-2025,138000,Sneha Joshi
C045,RakeshYadav,Bhusawal,Savings,Female,54,Personal,670000,11.54,17609.83,89000,850,Approved,Deposit,25500,11-06-2025,549000,Rohan Sharma
C046,VikasDeshmukh,Jalgaon,Current,Female,22,Education,100000,9.12,2426.67,85000,888,Approved,Deposit,47000,30-01-2025,726000,Sneha Joshi
C047,SagarJoshi,Nashik,Current,Female,40,Personal,1480000,11.43,38763.67,52000,805,Approved,Transfer,174500,04-01-2025,323000,Sneha Joshi
C048,DeepakYadav,Bhusawal,Savings,Female,40,Personal,75000,8.98,1811.25,139000,516,Rejected,Deposit,192500,06-12-2025,752000,Raj Patil
C049,RakeshGupta,Nashik,Savings,Female,25,Personal,1410000,9.84,35062.0,46000,741,Approved,Transfer,188500,14-11-2025,30000,Priya Singh
C050,AmitYadav,Pune,Current,Female,39,Home,780000,9.64,19266.0,20000,576,Rejected,Deposit,151500,25-12-2025,25000,Sneha Joshi
C051,AmitGupta,Pune,Savings,Female,25,Car,235000,11.37,6143.29,111000,356,Rejected,Withdrawal,69500,15-01-2025,926000,Sneha Joshi
C052,SnehaDeshmukh,Jalgaon,Savings,Male,52,Personal,1065000,9.94,26571.75,22000,550,Rejected,Transfer,1500,28-08-2025,428000,Nitin Verma
C053,AkashSharma,Bhusawal,Savings,Female,49,Education,1025000,11.05,26521.88,133000,714,Approved,Transfer,100000,31-03-2025,784000,Priya Singh
C054,NitinJoshi,Mumbai,Savings,Female,38,Education,105000,8.97,2534.88,28000,862,Approved,Transfer,24000,25-01-2025,352000,Raj Patil
C055,KiranJoshi,Nashik,Current,Female,36,Home,1140000,7.21,25849.5,142000,640,Pending,Deposit,64000,31-10-2025,683000,Raj Patil
C056,SnehaSingh,Jalgaon,Current,Male,31,Car,620000,9.49,15236.5,58000,633,Rejected,Deposit,104500,02-02-2025,383000,Sneha Joshi
C057,SachinGupta,Mumbai,Current,Female,44,Car,1325000,8.53,31501.88,57000,517,Rejected,Transfer,140000,19-02-2025,154000,Rohan Sharma
C058,AnjaliKulkarni,Nashik,Current,Male,47,Home,410000,10.99,10588.25,132000,539,Pending,Withdrawal,62500,08-03-2025,413000,Nitin Verma
C059,KomalKulkarni,Mumbai,Savings,Male,21,Car,1860000,8.86,44733.0,144000,494,Rejected,Withdrawal,179000,14-02-2025,62000,Sneha Joshi
C060,RahulSingh,Jalgaon,Current,Female,53,Car,650000,10.86,16715.83,94000,787,Approved,Withdrawal,127500,16-09-2025,445000,Sneha Joshi
C061,RahulPatil,Jalgaon,Savings,Female,22,Car,1215000,11.06,31448.25,59000,834,Approved,Withdrawal,198500,07-08-2025,30000,Nitin Verma
C062,SachinSingh,Pune,Current,Female,23,Education,1310000,12.9,35915.83,81000,355,Rejected,Withdrawal,48000,30-04-2025,484000,Priya Singh
C063,MeenaVerma,Jalgaon,Savings,Female,48,Home,1670000,11.85,44324.58,26000,846,Approved,Deposit,140000,14-02-2025,382000,Sneha Joshi
C064,MeenaDeshmukh,Pune,Current,Female,54,Personal,810000,13.64,22707.0,50000,497,Pending,Withdrawal,175000,18-03-2025,602000,Rohan Sharma
C065,SachinVerma,Nashik,Current,Female,45,Education,1940000,11.11,50294.5,120000,396,Rejected,Withdrawal,182500,27-09-2025,453000,Rohan Sharma
C066,RiyaSharma,Nashik,Savings,Female,25,Home,1070000,8.81,25688.92,95000,741,Approved,Deposit,147000,05-03-2025,34000,Raj Patil
C067,AnjaliVerma,Pune,Current,Male,50,Education,1490000,10.93,38404.75,129000,811,Approved,Transfer,102500,13-04-2025,501000,Nitin Verma
C068,AnjaliPatil,Bhusawal,Current,Male,54,Car,1985000,10.83,50997.96,57000,357,Rejected,Withdrawal,30000,31-03-2025,750000,Rohan Sharma
C069,KiranSharma,Pune,Current,Male,53,Car,1980000,13.1,54615.0,48000,480,Pending,Transfer,105000,30-03-2025,920000,Sneha Joshi
C070,KomalKulkarni,Pune,Savings,Male,36,Car,805000,10.76,20634.83,147000,434,Pending,Deposit,32500,21-08-2025,942000,Rohan Sharma
C071,DeepakDeshmukh,Nashik,Savings,Male,30,Home,1950000,8.47,46263.75,134000,695,Approved,Withdrawal,187000,08-12-2025,813000,Rohan Sharma
C072,NehaGupta,Jalgaon,Current,Female,53,Personal,1790000,7.48,40991.0,44000,718,Pending,Deposit,33000,30-05-2025,633000,Nitin Verma
C073,KomalSharma,Jalgaon,Current,Female,42,Education,730000,13.67,20482.58,87000,657,Pending,Transfer,43000,30-09-2025,459000,Priya Singh
C074,AkashYadav,Nashik,Savings,Male,22,Personal,1515000,12.99,41649.88,29000,790,Approved,Transfer,169500,07-02-2025,390000,Priya Singh
C075,RahulPatil,Pune,Savings,Male,56,Education,1485000,10.0,37125.0,44000,881,Approved,Withdrawal,160500,22-11-2025,162000,Raj Patil
C076,NitinPawar,Bhusawal,Current,Female,21,Education,710000,8.65,16951.25,84000,762,Approved,Deposit,94500,08-09-2025,469000,Priya Singh
C077,RakeshGupta,Nashik,Savings,Female,57,Education,1320000,8.3,31130.0,62000,415,Rejected,Deposit,48000,17-05-2025,315000,Sneha Joshi
C078,KomalPatil,Mumbai,Savings,Female,27,Car,170000,9.08,4119.67,131000,482,Pending,Withdrawal,30500,30-01-2025,183000,Rohan Sharma
C079,SagarSharma,Mumbai,Savings,Male,22,Car,1305000,13.62,36561.75,110000,819,Approved,Deposit,35000,14-12-2025,817000,Nitin Verma
C080,NitinYadav,Jalgaon,Current,Male,50,Personal,515000,11.73,13617.46,55000,516,Pending,Deposit,14000,04-06-2025,338000,Sneha Joshi
C081,KiranSingh,Jalgaon,Savings,Male,50,Personal,790000,10.94,20368.83,26000,576,Rejected,Transfer,189500,09-12-2025,449000,Raj Patil
C082,AkashVerma,Pune,Savings,Female,29,Personal,90000,9.49,2211.75,136000,778,Approved,Deposit,64000,26-10-2025,770000,Priya Singh
C083,SachinKulkarni,Pune,Current,Male,35,Education,1395000,9.07,33793.88,87000,369,Rejected,Transfer,104500,12-04-2025,376000,Priya Singh
C084,RakeshSharma,Nashik,Savings,Female,33,Car,1525000,8.61,36358.54,113000,464,Pending,Transfer,26500,17-11-2025,30000,Priya Singh
C085,SwatiPawar,Bhusawal,Current,Female,34,Car,975000,13.92,27560.0,120000,413,Rejected,Deposit,127500,02-09-2025,245000,Sneha Joshi
C086,SwatiKulkarni,Nashik,Savings,Male,58,Personal,1270000,7.44,29040.67,63000,653,Approved,Withdrawal,10500,29-09-2025,216000,Priya Singh
C087,PoojaSingh,Jalgaon,Savings,Male,52,Education,1980000,10.99,51133.5,114000,412,Rejected,Transfer,34000,18-02-2025,256000,Nitin Verma
C088,RiyaDeshmukh,Nashik,Current,Male,42,Car,1195000,13.21,33071.62,56000,540,Pending,Deposit,172500,11-11-2025,793000,Raj Patil
C089,SachinSingh,Nashik,Savings,Female,52,Car,815000,7.19,18466.54,50000,761,Approved,Deposit,200000,12-02-2025,105000,Priya Singh
C090,PoojaKulkarni,Mumbai,Savings,Male,57,Car,310000,11.41,8114.25,45000,407,Pending,Deposit,106000,12-02-2025,917000,Sneha Joshi
C091,DeepakJoshi,Bhusawal,Savings,Female,59,Home,1380000,11.06,35719.0,40000,494,Rejected,Withdrawal,121000,13-06-2025,712000,Raj Patil
C092,SagarSharma,Nashik,Current,Male,59,Car,745000,10.8,19121.67,64000,789,Approved,Transfer,91000,25-08-2025,107000,Priya Singh
C093,VikasDeshmukh,Bhusawal,Current,Male,21,Personal,1995000,12.4,53865.0,108000,724,Approved,Deposit,28500,13-06-2025,47000,Priya Singh
C094,SagarPatil,Jalgaon,Savings,Male,30,Education,1360000,9.8,33773.33,31000,641,Rejected,Transfer,188500,05-10-2025,807000,Nitin Verma
C095,KiranSharma,Bhusawal,Current,Male,34,Home,900000,9.91,22432.5,46000,399,Rejected,Transfer,65500,14-03-2025,611000,Priya Singh
C096,RohitSingh,Jalgaon,Current,Male,60,Personal,1380000,10.89,35523.5,63000,476,Pending,Deposit,3000,18-01-2025,618000,Priya Singh
C097,RiyaDeshmukh,Bhusawal,Current,Male,46,Personal,285000,11.81,7554.88,135000,876,Approved,Transfer,151500,18-01-2025,640000,Sneha Joshi
C098,NitinDeshmukh,Nashik,Current,Female,56,Car,1475000,8.66,35227.92,131000,632,Pending,Withdrawal,162500,01-10-2025,270000,Nitin Verma
C099,SnehaPawar,Jalgaon,Current,Male,38,Education,1935000,12.09,51745.12,93000,456,Pending,Deposit,79500,24-02-2025,735000,Sneha Joshi
C100,RahulYadav,Pune,Savings,Male,37,Education,865000,11.84,22951.33,117000,401,Rejected,Deposit,28000,21-11-2025,975000,Nitin Verma
